paradigm,method,year,institution,title,model,arxiv_id,url,task,notes,github,bibtex,submitted_v1
RSVLRM,VLM+SFT,2026,,EarthVL: A Progressive Earth Vision-Language Understanding and Generation Framework,EarthVL,2601.02783,https://arxiv.org/abs/2601.02783,Earth vision-language reasoning,,https://github.com/Junjue-Wang/EarthVL,,2026-01-06
RSVLRM,VLM+SFT,2025,Xi'an Jiaotong University,SegEarth-R1: Geospatial Pixel Reasoning via Large Language Model,SegEarth-R1,2504.09644,https://arxiv.org/abs/2504.09644,Pixel-grounded reasoning,,https://github.com/earth-insights/SegEarth-R1,,2025-04-13
RSVLRM,VLM+SFT,2025,,SegEarth-R2: Towards Comprehensive Language-guided Segmentation for Remote Sensing Images,SegEarth-R2,2512.20013,https://arxiv.org/abs/2512.20013,Language-guided segmentation reasoning,,https://github.com/earth-insights/SegEarth-R2,,2025-12-23
RSVLRM,VLM+SFT,2026,,TerraScope: Pixel-Grounded Visual Reasoning for Earth Observation,TerraScope,2603.19039,https://arxiv.org/abs/2603.19039,Multi-source pixel-grounded reasoning,,https://github.com/shuyansy/Earth-Observation-VLMs,,2026-03-19
RSVLRM,VLM+SFT,2026,,Decoding the Delta: Unifying Remote Sensing Change Detection and Understanding with Multimodal Large Language Models,Delta-LLaVA,2604.14044,https://arxiv.org/abs/2604.14044,Multi-temporal change reasoning,,,,2026-04-15
RSVLRM,VLM+SFT,2026,,GeoChrono: Benchmarking and Rethinking Long-Term Temporal Understanding in Remote Sensing,GeoChrono,2607.15768,https://arxiv.org/abs/2607.15768,Long-term temporal reasoning,,https://github.com/IntelliSensing/GeoChrono,,2026-07-17
RSVLRM,VLM+RL,2026,,GeoReason: Aligning Thinking And Answering In Remote Sensing Vision-Language Models Via Logical Consistency Reinforcement Learning,GeoReason,2601.04118,https://arxiv.org/abs/2601.04118,Logical-consistency reasoning,,https://github.com/canlanqianyan/GeoReason,,2026-01-07
RSVLRM,VLM+RL,2025,IBM Research,GeoVLM-R1: Reinforcement Fine-Tuning for Improved Remote Sensing Reasoning,GeoVLM-R1,2509.25026,https://arxiv.org/abs/2509.25026,Remote sensing reasoning,,https://github.com/mustansarfiaz/GeoVLM-R1-Toolkit,,2025-09-29
RSVLRM,VLM+RL,2025,Wuhan University,GeoZero: Incentivizing Reasoning from Scratch on Geospatial Scenes,GeoZero,2511.22645,https://arxiv.org/abs/2511.22645,Reasoning without predefined CoT,,https://github.com/MiliLab/GeoZero,,2025-11-27
RSVLRM,VLM+RL,2025,Zhejiang University,Geo-R1: Improving Few-Shot Geospatial Referring Expression Understanding with Reinforcement Fine-Tuning,Geo-R1,2509.21976,https://arxiv.org/abs/2509.21976,Few-shot geospatial referring,,https://github.com/Geo-R1/geo-r1,,2025-09-26
RSVLRM,VLM+RL,2025,Middle East Technical University,TinyRS-R1: Compact Multimodal Language Model for Remote Sensing,TinyRS-R1,2505.12099,https://arxiv.org/abs/2505.12099,Compact multimodal reasoning,,https://github.com/aybora/TinyRS,,2025-05-17
RSVLRM,VLM+RL,2025,Jilin University,Towards Faithful Reasoning in Remote Sensing: A Perceptually-Grounded GeoSpatial Chain-of-Thought for Vision-Language Models,RSThinker,2509.22221,https://arxiv.org/abs/2509.22221,Faithful grounded reasoning,,https://github.com/minglangL/RSThinker,,2025-09-26
RSVLRM,VLM+RL,2026,,GeoSolver: Scaling Test-Time Reasoning in Remote Sensing with Fine-Grained Process Supervision,GeoSolver,2603.09551,https://arxiv.org/abs/2603.09551,Process-supervised reasoning,,https://github.com/minglangL/GeoSolver,,2026-03-10
RSVLRM,VLM+RL,2025,,Asking like Socrates: Socrates helps VLMs understand remote sensing images,RS-EoT,2511.22396,https://arxiv.org/abs/2511.22396,Evidence-seeking reasoning,,https://github.com/GeoX-Lab/Asking_like_Socrates,,2025-11-27
RSVLRM,VLM+RL,2025,Hohai University,RemoteReasoner: Towards Unifying Geospatial Reasoning Workflow,RemoteReasoner,2507.19280,https://arxiv.org/abs/2507.19280,Cross-granularity reasoning,,https://github.com/1e12Leon/RemoteReasoner,,2025-07-25
RSVLRM,VLM+RL,2026,,RemoteAgent: Bridging Vague Human Intents and Earth Observation with RL-based Agentic MLLMs,RemoteAgent,2604.07765,https://arxiv.org/abs/2604.07765,RL-based routing and tool use,,https://github.com/1e12Leon/RemoteAgent,,2026-04-09
RSVLRM,VLM+RL,2026,,RS-HyRe-R1: A Hybrid Reward Mechanism to Overcome Perceptual Inertia for Remote Sensing Images Understanding,RS-HyRe-R1,2604.17504,https://arxiv.org/abs/2604.17504,Hybrid-reward reasoning,,https://github.com/GeoX-Lab/RS-HyRe-R1,,2026-04-19
RSVLRM,VLM+RL,2026,,RemoteZero: Geospatial Reasoning with Zero Labels,RemoteZero,2605.04451,https://arxiv.org/abs/2605.04451,Label-free geospatial reasoning,,https://github.com/1e12Leon/RemoteZero,,2026-05-06
RSVLRM,VLM+RL,2026,,GeoVista: Visually Grounded Active Perception for Vision-Language Understanding of Ultra-High-Resolution Remote Sensing Images,GeoVista,2605.14475,https://arxiv.org/abs/2605.14475,Active-perception reasoning,,https://github.com/ryan6073/GeoVista,,2026-05-14
RSVLRM,VLM+RL,2026,,GeoX: Mastering Geospatial Reasoning Through Self-Play and Verifiable Rewards,GeoX,2605.20006,https://arxiv.org/abs/2605.20006,Self-play and verifiable reasoning,,,,2026-05-19
RSVLRM,Agent,2025,Google Research,Earth AI: Unlocking Geospatial Insights with Foundation Models and Cross-Modal Reasoning,Earth AI,2510.18318,https://arxiv.org/abs/2510.18318,Earth observation agent,,,,2025-10-21
RSVLRM,Agent,2025,Shanghai Artificial Intelligence Laboratory,Earth-Agent: Unlocking the Full Landscape of Earth Observation with Agents,Earth-Agent,2509.23141,https://arxiv.org/abs/2509.23141,Executable Earth observation agent,,https://github.com/opendatalab/Earth-Agent,,2025-09-27
RSVLRM,Agent,2026,,OpenEarthAgent: A Unified Framework for Tool-Augmented Geospatial Agents,OpenEarthAgent,2602.17665,https://arxiv.org/abs/2602.17665,Tool-augmented geospatial agent,,https://github.com/mbzuai-oryx/OpenEarthAgent,,2026-02-19
RSVLRM,Agent,2026,,GeoMMBench and GeoMMAgent: Toward Expert-Level Multimodal Intelligence in Geoscience and Remote Sensing,GeoMMAgent,2604.08896,https://arxiv.org/abs/2604.08896,Plan-execute-evaluate agent,,https://github.com/Shihao-Cheng/GeoMMAgent,,2026-04-10
RSVLRM,Agent,2025,Xi'an Jiaotong University,Designing Domain-Specific Agents via Hierarchical Task Abstraction Mechanism,EarthAgent,2511.17198,https://arxiv.org/abs/2511.17198,Hierarchical task planning,,https://github.com/earth-insights/EarthAgent,,2025-11-21
RSVLRM,Agent,2026,,UHR-Micro: Diagnosing and Mitigating the Resolution Illusion in Earth Observation VLMs,MAP-Agent,2605.12237,https://arxiv.org/abs/2605.12237,Micro-evidence active perception,,https://github.com/MiliLab/UHR-Micro,,2026-05-12
RSVLRM,Agent,2026,,TerraBench: Can Agents Reason Over Heterogeneous Earth-System Data?,TerraAgent,2606.13148,https://arxiv.org/abs/2606.13148,Executable Earth-system workflows,,https://github.com/Takerdat23/TerraBench,,2026-06-11
